,DSC_C_Onset,TGA_Temp_480-500,Rhe_100.00,Intercept
0,-1.29328,-1.89435,11.43812,131.42339
