,sample,DSC_C_HalfPeak,DSC_M_HalfPeak,DSC_C_Onset,DSC_M_Onset,DSC_Crystallinity
0,16.0,0.8324164872837417,0.8787459658828958,0.11861893666596098,0.49488664807266264,0.06590196063221287
1,17.0,0.8277126684206334,0.4333794375288182,0.6241615476946972,0.30894657798755776,0.3209667491246467
2,19.0,0.6283983098142388,0.6746361061713756,0.3996328461484164,0.7108631910176659,0.6140716498273582
3,24.0,0.7751136091844057,0.4228907330567099,0.7172209277695412,0.35507401845097786,0.2081940604957374
4,25.0,0.17220760583592543,0.3390140288480575,0.3802160559203574,0.6178931559751145,0.8508622157333781
5,26.0,0.5042334369768003,0.3921754593953807,0.22113958907011325,0.6968461703497117,0.7162919517957841
6,27.0,0.6481702941879925,0.5129421063031036,0.8834992586316458,0.8024565543874724,0.8811208600396115
7,28.0,0.31252491429482615,0.46117368109069545,0.6864364894443269,0.6608739183294028,0.6244740640523827
